Datetime,Tweet Id,Text,Username
2022-09-20 23:19:59+00:00,1572364982964322304,"This video, paid for by TAXPAYERS of @cityoftoronto is SICKENING! @JohnTory @bradrossTO who approved this? And where did I miss that #covidvaccines are required for kids to interact with each other????? How about we focus time and money on WHY these vaccines cause #Myocarditis ? https://t.co/GhmsXRCXEz",EmbarrassedCan1
2022-09-20 23:19:34+00:00,1572364875904466945,"‚ñì‚ñì‚ñì‚ñì‚ñì‚ñì‚ñì‚ñì‚ñì‚ñë 94.1% (1ÂõûÁõÆ/vaccinated 104,192,020Âêç, +82)
‚ñì‚ñì‚ñì‚ñì‚ñì‚ñì‚ñì‚ñì‚ñì‚ñë 92.9% (2ÂõûÁõÆ/fully vaccinated 102,778,684Âêç, +200)
‚ñì‚ñì‚ñì‚ñì‚ñì‚ñì‚ñì‚ñì‚ñì‚ñì 103.7% (ËøΩÂä†/3,4+ doses 114,745,321Âêç, +8,297)
#Êñ∞Âûã„Ç≥„É≠„Éä„ÉØ„ÇØ„ÉÅ„É≥ #CovidVaccines #covidjapan 2022-09-19",JapanVaccine
2022-09-20 23:19:07+00:00,1572364761873915905,"It‚Äôs not, never was until mass #CovidVaccines https://t.co/KdRYOuMYyG",LepidopteraFem
2022-09-20 22:11:50+00:00,1572347831654006785,"@ChuckCallesto Pfizer &amp; moderna #CovidVaccines

That‚Äôs why",LepidopteraFem
2022-09-20 18:11:28+00:00,1572287342588616704,@SkyNews Irregular heart beat from . . . guess what. No big prize for those who have been on top of this since the #Covidvaccines. Once upon a time journalists were brave and truth seeking.,inappropedave
2022-09-20 12:46:51+00:00,1572205648485433345,"@paulrtrotman @Raymond94929396 No, 

- because #CovidVaccines are not licensed ""For Emergency Use Only"" in the UK.

That's just in the USA.

Each country is different.

In the UK they were licensed ""for temporary use"".

And the temporary license has then been repeatedly extended...

https://t.co/yj7PRnbs7c",PeteDurnell
2022-09-20 10:40:33+00:00,1572173863265636360,"@mustafahirji @washingtonpost The pandemic is so over. Practically every thing the Washington Post has reported on the #pandemic, #Covidvaccines, #Masks, #treatments, #VAERS all deliberate #misinformation Mustafa, people will get colds like always.",Trendlaser_
2022-09-20 09:55:48+00:00,1572162602922385408,A fantastic summary of #covidvaccines in #pregnancy #breastfeeding &amp; all things related. Created &amp; regularly updated by the amazing @VikiLovesFACS https://t.co/DnOrlfe2NN,bnar
2022-09-20 08:16:09+00:00,1572137522880208896,"Last week, AstraZeneca told the EU it was falling behind on its supply target because of production problems and Pfizer-BioNTech has also said supplies of its vaccine will be lower.

Read more üëâ https://t.co/W7NcvXGjhN

#COVIDVaccines #CoronavirusContinues #Brexit https://t.co/OB5jPRPW77",iam_immigration
2022-09-20 08:13:31+00:00,1572136863657328641,"#virus Links to BATTLING CORONAVIRUS #coronavirus #health #vaccines #covid19 #CovidVaccines
https://t.co/kRlEZDOwSn
https://t.co/ByE20jJf9y",EDITORatWORK
2022-09-20 07:08:47+00:00,1572120569897979904,"Chinese researchers have developed a mask that lets users know if they've been exposed to Covid-19 or the flu, a development that could help vulnerable populations even as the use of face coverings falls

https://t.co/DE4ULsLLwQ

#TIM  #china #covidvaccines #covid19 #covidmask https://t.co/LN6ATQzcV9",TIMOFFICIAL94
2022-09-20 07:01:30+00:00,1572118738106994692,"Getting permission from the EU Commission before exporting vaccines has raised fears it could affect supplies to the UK of the Pfizer-BioNTech vaccine which is produced in Belgium.

Read more üëâ https://t.co/oyXPcQmwU4

#COVIDVaccines #CoronavirusContinues #Brexit",NigeriaVisas
2022-09-20 06:03:30+00:00,1572104143426433025,"@ChrisCuomo @2020Awakened without further proof opted to falsify about the effectiveness of COVID-19 vaccines - booster shots.
#covidvaccines prevents deadly scenarios
#CovidIsntOver #SafetyFirst 

https://t.co/gWYSOJKXo7",LilohPool
2022-09-20 03:04:16+00:00,1572059036996243458,"Yes, #CovidVaccines UNSET and ERASE #NaturalImmunity 
https://t.co/eHOi4SGljC",MErovich1
2022-09-20 02:15:10+00:00,1572046681230954496,"#MedicalFreedom 
#Covid19 
#Covidvaccines 

#VOTERED üá∫üá∏ https://t.co/E3Ta2mcZ09",Carla_Almeida0
2022-09-19 23:20:38+00:00,1572002757011451908,"‚ñì‚ñì‚ñì‚ñì‚ñì‚ñì‚ñì‚ñì‚ñì‚ñë 94.1% (1ÂõûÁõÆ/vaccinated 104,184,141Âêç, +650)
‚ñì‚ñì‚ñì‚ñì‚ñì‚ñì‚ñì‚ñì‚ñì‚ñë 92.9% (2ÂõûÁõÆ/fully vaccinated 102,772,415Âêç, +1,593)
‚ñì‚ñì‚ñì‚ñì‚ñì‚ñì‚ñì‚ñì‚ñì‚ñì 103.1% (ËøΩÂä†/3,4+ doses 114,080,982Âêç, +109,253)
#Êñ∞Âûã„Ç≥„É≠„Éä„ÉØ„ÇØ„ÉÅ„É≥ #CovidVaccines #covidjapan 2022-09-15",JapanVaccine
2022-09-19 21:22:00+00:00,1571972901573521408,Does COVID vaccination improve #LongCOVID? The editors at DynaMed appraise recent research. #EBMFocus #COVIDvaccines https://t.co/S99RYeaYEI,EBSCOUK
2022-09-19 18:52:57+00:00,1571935391829336066,"Immagine forte....molto eloquente!
#RoyalFuneral VS #CovidVaccines https://t.co/M8SfrNzNil",lvogruppo
2022-09-19 18:04:30+00:00,1571923201923641346,"Nurse Speaks out in truth while giving testimony to expose the hospitals being used as concentration camps. 

Senate hearing produces evidence that children are dying from #CovidVaccines https://t.co/EV40KgN1Bv",TruthseekerNFTs
2022-09-19 17:41:30+00:00,1571917412412559360,"#COVID19TN
Covid positive cases on 18.9.2022- TN 492 Individuals Tested 17681 TPR in TN 2.78%. TPR yesterday 2.55%. Testing down. Fatalities 0. Follow appropriate covid behavior to avoid infections. #COVID19 #coronaupdates #CovidVaccines https://t.co/5o9G9y5XR8",iceuchennaidiv1
2022-09-19 17:37:11+00:00,1571916327153176576,"#COVID19TN
Covid positive cases on 17.9.2022- TN 479 Individuals Tested 18762 TPR in TN 2.55%. TPR yesterday 2.48%. Testing up. Fatalities 0. Follow appropriate covid behavior to avoid infections. #COVID19 #coronaupdates #CovidVaccines https://t.co/tLQKNheip0",iceuchennaidiv1
2022-09-19 17:00:59+00:00,1571907216973733889,"Though the severity of COVID has subsided and much of normal life has resumed, the threat of the virus still looms in public spaces ü¶† Fall 2022 #COVIDvaccines and #boosters are now available. See where to get your dose here: https://t.co/lp8pi4X8qI

#ACEBSA #LACityEmployee https://t.co/zDMseLOTqd",ACEBSA_LA
2022-09-19 16:58:54+00:00,1571906692283244546,You couldn‚Äôt see this coming a mile away? ü§® #covidvaccines #vaccineinjury #fauci #thisiswhathappenaswhenyoulie,CovidCastaways
2022-09-19 15:23:13+00:00,1571882613966618626,"APOLOGIES DUE: Now that #mainstreammedia admits #Covidvaccines are #failing, where are all the #apologies and retractions for false claims? https://t.co/lG61UUjzZw https://t.co/tACGpeOliK",FollowScience_
2022-09-19 15:21:05+00:00,1571882075178893314,"Getting vaccinated is the best way we can protect ourselves from COVID-19.

If you are eligible for your next COVID-19 vaccine, you can book an appointment: https://t.co/vFsQf36kcW

#COVIDVaccines https://t.co/EgQvzVWzG9",HSECommHealth1
2022-09-19 13:49:59+00:00,1571859149885177857,"#virus Links to BATTLING CORONAVIRUS #coronavirus #health #vaccines #covid19 #CovidVaccines
https://t.co/kRlEZDP4HV
https://t.co/ByE20jJMZ6",EDITORatWORK
2022-09-19 11:49:09+00:00,1571828740606537728,@Heart4Truth Don‚Äôt get any of the #CovidVaccines because you have a greater chance of getting #Covid or worse death!,Myopinion2cents
2022-09-19 08:49:00+00:00,1571783403074199553,"Getting vaccinated is the best way we can protect ourselves from COVID-19.

If you are eligible for your next COVID-19 vaccine, you can book an appointment: https://t.co/JTswwUQLH0

#COVIDVaccines https://t.co/SODKjR9Wdw",HSELive
2022-09-19 07:12:07+00:00,1571759023606620161,"Rose Webster ‚ôÄÔ∏è here. More evidence CC
 @SaskatoonPolice @LawSocietySask @SKCourts @StoonCrimeStop @SAFChiefs @LeslynLewis #LawTwitter 

@SKGov ""Help us improve""? HOW ABOUT STOPPING THESE #CovidVaccines / #FluShots as THEY ARE KILLING ppl ‚ÅâÔ∏è

#StopTheShots #CrimesAgainstHumanity https://t.co/cwopXetj4f https://t.co/vxMDr3TlFb",maggini_19
2022-09-19 07:09:05+00:00,1571758259513733120,"Rose Webster ‚ôÄÔ∏è here. 

Dear @ShopprsDrugMart @delmagei @SaskatoonPolice @LawSocietySask @SKCourts @StoonCrimeStop @SAFChiefs

@SKGov You asked ""Help us improve""? HOW ABOUT STOPPING THESE #CovidVaccines / #FluShots as THEY ARE KILLING ppl ‚ÅâÔ∏è

#StopTheShots #CrimesAgainstHumanity https://t.co/IX7U0rBwb0 https://t.co/km7FtPK3bB",maggini_19
2022-09-19 05:04:30+00:00,1571726905535254528,"India reported 4,858 fresh Covid-19 cases in the last 24 hours

#India #Covid19cases #MinistryofHealthandFamilyWelfare #Covidtests #Covidvaccines

https://t.co/iVSooX24rw",ptcnews
2022-09-19 01:13:31+00:00,1571668778660024321,@EricTopol @POTUS Could it be that #LongCovid is caused by the #CovidVaccines?,SambodhiPrem
2022-09-18 23:25:22+00:00,1571641559551975424,"#virus Links to CORONAVIRUS VACCINES #coronavirus #vaccines #CovidVaccines #pandemic #FoxNews #fake_vaccine
https://t.co/6ZbwQDwpu8
https://t.co/IiiHVgeboQ",SptsGuy1
2022-09-18 22:48:11+00:00,1571632204266016769,"Barn og unge blir sjelden alvorlig syke av Corona

Children and adolescents rarely get serious #Covid
#Denmark has stopped giving children their first #CovidVaccines

#Convid
#Overd√∏delighet
#Vaksined√∏dsfall
#PfizerLiedPeopleDied https://t.co/xdiHTHJGpt",ABL_Fanpage
2022-09-18 20:00:47+00:00,1571590075502440451,"Welcome to the (for kids) questions and answers about the #COVID-19 vaccine becoming available to kids from 6 months old to 11 years old!

Many of you really enjoyed our previous Q&amp;A series, so we thought we'd share with you another one!

#COVIDVaccines #Kids #Parents https://t.co/ATmrC7qmar",BramaleaCHC
2022-09-18 17:31:39+00:00,1571552546975617028,"@KamalaHarris I agree. Especially when it comes to medical interventions like #covidVaccines #myocarditis
Look what Dr Peter Marks from the #FDA admits to...... https://t.co/UnNXCmMdfd",koziswellness
2022-09-18 16:02:04+00:00,1571529999231979522,"Welcome to the (for kids) questions and answers about the #COVID-19 vaccine becoming available to kids from 6 months old to 11 years old!

Many of you really enjoyed our previous Q&amp;A series, so we thought we'd share with you another one!

#COVIDVaccines #Kids #Parents https://t.co/8af64D8ehB",FourCornersHC
2022-09-18 16:01:22+00:00,1571529824774012930,"Black leaders and health professionals in England have pledged to be available to the Black community, to honestly discuss the merits of vaccination and answer concerns. 

More about the Black Pledge at: https://t.co/AoRVpKvds3 

#TheBlackPledge #COVIDVACCINES https://t.co/paOu5ke77t",cahn_uk
2022-09-18 15:53:49+00:00,1571527926172258304,@irondoctorDC @TruthIsBiased @DrJBhattacharya Micheal: scientists at John Hopkins &amp; @Harvard Universities where @BarackObama graduated have found that #CovidVaccines are 98% more deadlier than virus itself ü§£https://t.co/WkYBk2RbSz,LealandBruce2
2022-09-18 12:42:31+00:00,1571479782763958273,#Health #Coronavirus #COVID19 #CovidVaccines ‚Äî&gt; Does the new bivalent COVID booster have different side effects? | The Hill https://t.co/28EtmRow4c,LuluWalcott1
2022-09-18 05:33:17+00:00,1571371763920928768,"#BillGates Boasts He Ordered #Trump TWICE Not To Investigate Ill Effects of #CovidVaccines

https://t.co/AfiOD9XyV6",johndk7
2022-09-18 05:32:59+00:00,1571371685021978624,"#BillGates Boasts He Ordered #Trump TWICE Not To Investigate Ill Effects of #CovidVaccines

https://t.co/04kmAH0X4X",GreekNewsGuy
2022-09-18 03:28:20+00:00,1571340317063892995,"#virus Links to BATTLING CORONAVIRUS #coronavirus #health #vaccines #covid19 #CovidVaccines
https://t.co/kRlEZDOwSn
https://t.co/ByE20jJf9y",EDITORatWORK
2022-09-17 23:55:36+00:00,1571286782242693120,"#virus Links to CORONAVIRUS VACCINES #coronavirus #vaccines #CovidVaccines #pandemic #FoxNews #fake_vaccine
https://t.co/6ZbwQDwpu8
https://t.co/IiiHVgeboQ",SptsGuy1
2022-09-17 17:59:56+00:00,1571197277280116738,"Report prepared for #Liberals show #CovidVaccines have no benefit for those &lt;60.
#Canada's been lied to, gaslit by @JustinTrudeau @jyduclos

#cdnpoli #TrudeauMustGo #WEFpuppet #TrudeauResign #TrudeauworstPMever #TrudeauIsDestroyingCanada #TrudeauHasGotToGo
https://t.co/mribnZDnQD",RealJoelGomes
2022-09-17 16:01:29+00:00,1571167465886957570,"Black leaders and health professionals in England have pledged to be available to the Black community, to honestly discuss the merits of vaccination and answer concerns. 

More about the Black Pledge at: https://t.co/AoRVpKvds3 

#TheBlackPledge #COVIDVACCINES https://t.co/4Ga3pme5EF",cahn_uk
2022-09-17 12:01:12+00:00,1571106996732186624,"#virus Links to BATTLING CORONAVIRUS #coronavirus #health #vaccines #covid19 #CovidVaccines
https://t.co/kRlEZDP4HV
https://t.co/ByE20jJMZ6",EDITORatWORK
2022-09-17 11:19:00+00:00,1571096375936286720,"Getting vaccinated is the best way to protect you and your baby from COVID-19. 

If you are pregnant, you can book an appointment for your next #COVID19 booster vaccine at 16 weeks or later. 

Learn more: https://t.co/XIVCt6Lte1

#COVIDVaccines https://t.co/08Ccahxygm",HSELive
2022-09-16 23:18:09+00:00,1570914967964061696,"‚ñì‚ñì‚ñì‚ñì‚ñì‚ñì‚ñì‚ñì‚ñì‚ñë 94.1% (1ÂõûÁõÆ/vaccinated 104,184,141Âêç, +650)
‚ñì‚ñì‚ñì‚ñì‚ñì‚ñì‚ñì‚ñì‚ñì‚ñë 92.9% (2ÂõûÁõÆ/fully vaccinated 102,772,415Âêç, +1,593)
‚ñì‚ñì‚ñì‚ñì‚ñì‚ñì‚ñì‚ñì‚ñì‚ñì 103.1% (ËøΩÂä†/3,4+ doses 114,080,982Âêç, +109,253)
#Êñ∞Âûã„Ç≥„É≠„Éä„ÉØ„ÇØ„ÉÅ„É≥ #CovidVaccines #covidjapan 2022-09-15",JapanVaccine
2022-09-16 22:00:54+00:00,1570895530162638848,"RT @GovCanNorth: The #COVIDVaccines authorized by @GovCanHealth are safe and effective. They protect you, your family, and your community from COVID-19. More info about vaccines for #Indigenous Peoples: 
‚û°Ô∏è https://t.co/LLFVzcH3jc https://t.co/gHgR5mjAna",Aboriginal_Link
2022-09-16 20:56:07+00:00,1570879226542444545,"#virus Links to CORONAVIRUS VACCINES #coronavirus #vaccines #CovidVaccines #pandemic #FoxNews #fake_vaccine
https://t.co/6ZbwQDwXjG
https://t.co/IiiHVgeJeo",SptsGuy1
2022-09-16 20:47:44+00:00,1570877114349686784,"@DrDonnica Dr Peter Marks of FDA admits
#COVID #vaccinated #Kids 
12-17 years old have 5x increased Risk Of #Myocarditis 
Recommending #covidvaccines to kids
Should be criminal !!
#WeCanDoThis https://t.co/3T4K3MOyTj",koziswellness
2022-09-16 17:04:08+00:00,1570820844888412160,"#COVID19TN
Covid positive cases on 16.9.2022- TN 463 Individuals Tested 18663 TPR in TN 2.48%. TPR yesterday 2.43%. Testing up. Fatalities 1. Follow appropriate covid behavior to avoid infections. #COVID19 #coronaupdates #CovidVaccines https://t.co/GoMX7jKhPS",iceuchennaidiv1
2022-09-16 16:03:03+00:00,1570805473363763200,"Black leaders and health professionals in England have pledged to be available to the Black community, to honestly discuss the merits of vaccination and answer concerns. 

More about the Black Pledge at: https://t.co/AoRVpKvds3 

#TheBlackPledge #COVIDVACCINES https://t.co/QI3euaQftr",cahn_uk
2022-09-16 15:24:40+00:00,1570795813181313024,"@StraightTop4TS @SpartacusJustic #SteveKirsch
‚¨áÔ∏è
Executive Director, 
Vaccine Safety Research Foundation 
‚¨áÔ∏è
(https://t.co/NUvhcgxJwL)
‚¨áÔ∏è

Latest survey shows the #COVIDvaccines are a disaster: 
‚¨áÔ∏è
~750,000 dead in USA

https://t.co/zbk8qS2Yvp

#mRNAvaccines
#VaccineSideEffects
#VaccineDeaths",top_politiek
2022-09-16 14:42:54+00:00,1570785300317872128,What‚Äôs driving the obsession in American #academia with #Covidvaccines is not clear. But the health of #students and rational risk-benefit analysis appear very low on the list. #AcademicTwitter #Medtwitter #Colleges #University https://t.co/jOfGSozHFS,MimsInNE
2022-09-16 14:00:01+00:00,1570774510164660228,"1/n) Some #COVIDvaccines have been associated with increased risk of blood clots (VTE). We wanted to understand if genetic predisposition to VTE would predict risk of post-vaccine VTE, and if vaccination interacted with underlying genetics",prieto_alhambra
2022-09-16 13:28:24+00:00,1570766552169082881,"Why listen to #Fauci
When you can listen to
#DrPeterMarks ?
#WeCanDoThis 
#CovidVaccines https://t.co/nFRj43pkqD",koziswellness
2022-09-16 09:39:01+00:00,1570708826504175616,"#virus Links to BATTLING CORONAVIRUS #coronavirus #health #vaccines #covid19 #CovidVaccines
https://t.co/kRlEZDP4HV
https://t.co/ByE20jJMZ6",EDITORatWORK
2022-09-16 09:25:48+00:00,1570705499431276546,"Haki ya Mungu nimechanjwa. Je wewe? Kama hutaki Covid Vaccine wewe jua iko heri kujihami men
#VipiMariam #PataChanjoKaaChonjo #COVID19 #COVIDVaccines #CovidIsNotOver #KanairoTukoChonjo https://t.co/9HFnfJSYTF",OjwangMariam
2022-09-16 09:20:22+00:00,1570704133270675461,"Christine Anderson MEP: ""Who lied""?

‚ÄúDid you lie to governments, or did governments lie to their citizens?‚Äù

#VIB
#CovidVaccines  https://t.co/llZ66404qn",iwaspeckish
2022-09-16 07:19:39+00:00,1570673755776774145,"@Lancet had published the @Commissioncovid report  #SARSCoV2 is transmitted via #air
#CovidisAirborneüò∑ 
#CovidIsntOver 
#Masks
#Covidvaccines
#Ventilation 
#CO2monitoring
#CleanAir
#SafeAir 
#LongCovidKids
#vaccinesPLUS 
#auspol https://t.co/fkrfBLpIRe",ChrisLancashir3
2022-09-16 04:59:41+00:00,1570638530216599554,".@SmileyForWA for the win.
.@PattyMurray U Can't stand 4choice when U force #covidvaccines on #Washingtonians. Stop insulting us. 30 years of failed policies is enough. BTY, #abortion is death, not health care as U euphemistically frame. Dreadful and dour ad. https://t.co/mlCe2bQLKJ",EMECONOMOU
2022-09-16 03:55:47+00:00,1570622451033477121,@GovRonDeSantis Floridians should be angry. #DeSantisHumanTrafficker He used $8.8 million of the #CovidReliefFund to pay for private planes to transport people to other states.  These funds are meant to put #covidvaccines in arms.  He rather let Floridians die.  Criminal.  #VoteValDemings,1rpotter
2022-09-16 03:06:07+00:00,1570609953102262272,#COVID19 #CovidVaccine #USNews #Fauci #Harvard #covidvaccines #CovID2019 #VaccineSideEffects #vaccineinjuries #VaccineDeath #vaccines #vaccine https://t.co/RCnJx9l3Ii,FreeSpeechComm1
2022-09-16 03:00:06+00:00,1570608436618067969,#covidvaccines #COVID19 https://t.co/ko4ODhkhf3,judyprgirl
2022-09-16 01:56:04+00:00,1570592323003895810,#COVID19 #covidvaccines #vaccination #BoosterDose #Kolkata #MyKolkata https://t.co/LNnOFjmNkM,TT_My_Kolkata
2022-09-16 01:55:49+00:00,1570592261519577088,#COVID19 #covidvaccines #vaccination #BoosterDose #Kolkata #MyKolkata https://t.co/RTWrz4A71M,TT_My_Kolkata
2022-09-16 01:21:22+00:00,1570583588130947073,"One thing is evident after the latest #TrudeauMustGo trend.......there are many different walks of life who chose to say no to the #covidvaccines .  Doctors, teachers, military, police, small business owners, government employees, you name it. What a community. #cdnpoli #abpoli",marcusp11
2022-09-15 23:44:15+00:00,1570559149678772224,"via ‚Å¶@nytopinion‚Å© 

Somebody please hire the bunch who did the sick new #shingrix ad?

‚Å¶@pfizer‚Å© ? ‚Å¶@CDCgov‚Å© ? ‚Å¶@AmerMedicalAssn‚Å© ?

#getboosted #covidvaccines #savelives #smartads
#peggyolsen where are you when we need you? https://t.co/GHpkIse89P",Beadmatrix
2022-09-15 23:19:09+00:00,1570552833891782657,"‚ñì‚ñì‚ñì‚ñì‚ñì‚ñì‚ñì‚ñì‚ñì‚ñë 94.1% (1ÂõûÁõÆ/vaccinated 104,181,421Âêç, +779)
‚ñì‚ñì‚ñì‚ñì‚ñì‚ñì‚ñì‚ñì‚ñì‚ñë 92.9% (2ÂõûÁõÆ/fully vaccinated 102,770,967Âêç, +1,955)
‚ñì‚ñì‚ñì‚ñì‚ñì‚ñì‚ñì‚ñì‚ñì‚ñì 102.8% (ËøΩÂä†/3,4+ doses 113,800,346Âêç, +128,326)
#Êñ∞Âûã„Ç≥„É≠„Éä„ÉØ„ÇØ„ÉÅ„É≥ #CovidVaccines #covidjapan 2022-09-14",JapanVaccine
2022-09-15 22:00:30+00:00,1570533040983576577,"COVID-19 vaccines are critical in #protecting everyone against severe #sickness and #hospitalization. 

Children aged 5 to 11 years are encouraged to get two doses of the vaccine for their #protection.

#letskeepourchildrensafe
#reducehospitalizationandeaths
#CovidVaccines https://t.co/Q6Nk4Hjp1K",MOHFiji
2022-09-15 20:33:30+00:00,1570511145236336642,Get it when you can.  #COVIDVaccines https://t.co/Tzz3wLsWl5,kfrankiii
2022-09-15 16:21:07+00:00,1570447629703868416,"#COVID19TN
Covid positive cases on 15.9.2022- TN 447 Individuals Tested 18503 TPR in TN 2.43%. TPR yesterday 2.55%. Testing up. Fatalities 0. Follow appropriate covid behavior to avoid infections. #COVID19 #coronaupdates #CovidVaccines https://t.co/d6jcRKWkgN",iceuchennaidiv1
2022-09-15 16:16:18+00:00,1570446419294846979,"#COVID19TN
Covid positive cases on 14.9.2022- TN 419 Individuals Tested 16422 TPR in TN 2.55%. TPR yesterday 2.69%. Testing up. Fatalities 1. Follow appropriate covid behavior to avoid infections. #COVID19 #coronaupdates #CovidVaccines https://t.co/swJbuVuB8V",iceuchennaidiv1
2022-09-15 16:11:12+00:00,1570445134688579584,"#COVID19TN
Covid positive cases on 13.9.2022- TN 421 Individuals Tested 15636 TPR in TN 2.69%. TPR yesterday 2.46%. Testing down. Fatalities 0. Follow appropriate covid behavior to avoid infections. #COVID19 #coronaupdates #CovidVaccines https://t.co/QXKjhNXaZ5",iceuchennaidiv1
2022-09-15 16:06:43+00:00,1570444008740261889,"#COVID19TN
Covid positive cases on 12.9.2022- TN 431 Individuals Tested 17473 TPR in TN 2.46%. TPR yesterday 2.48%. Testing up. Fatalities 0. Follow appropriate covid behavior to avoid infections. #COVID19 #coronaupdates #CovidVaccines https://t.co/2DNMrS3lcM",iceuchennaidiv1
2022-09-15 16:02:51+00:00,1570443032671002627,"Black leaders and health professionals in England have pledged to be available to the Black community, to honestly discuss the merits of vaccination and answer concerns. 

More about the Black Pledge at: https://t.co/AoRVpKvds3 

#TheBlackPledge #COVIDVACCINES https://t.co/rGSOvOIcYN",cahn_uk
2022-09-15 15:31:21+00:00,1570435107479076866,"Sikatai ni wikendi na ndio unatokea hivyo kujibamba. Lakini umechanjwa? Buana Covid is real and it's not over.
#VipiMariam #PataChanjoKaaChonjo #COVID19 #COVIDVaccines #CovidIsNotOver #KanairoTukoChonjo https://t.co/qVOnTZlods",OjwangMariam
2022-09-15 15:03:00+00:00,1570427973605654532,#CovidVaccines https://t.co/x6uA3W4M5e,SHoenle
2022-09-15 14:54:29+00:00,1570425827850067969,New research on #COVIDvaccines in pregnancy from @EdlowLab published in @AJOG_thegray üëáüèøüëáüèΩüëáüèª https://t.co/HBnMr5bjJH,MySMFM
2022-09-15 13:58:17+00:00,1570411685957234688,"ŒïŒºŒ≤œåŒªŒπŒ± covid19: MŒµŒØœâœÉŒ∑ œÑŒøœÖ Œ∑ŒªŒπŒ∫ŒπŒ±Œ∫Œøœç ŒøœÅŒØŒøœÖ Œ≥ŒπŒ± 3Œ∑ Œ∫Œ±Œπ 4Œ∑ Œ¥œåœÉŒ∑ 
#Cyprus #news #offsitenews #COVID19 #vaccines #vaccination #covidvaccines 

https://t.co/aiPuwwkXjD",OffsiteCyNews
2022-09-15 09:51:23+00:00,1570349553521659905,@PMOIndia @MoHFW_INDIA @BBMPCOMM And we delude ourselves and others that #CovidVaccines saved us all and worse claim glory?!!üíÅüèΩüòë https://t.co/zhct9cApCM,AbhinayarajR
2022-09-15 09:28:01+00:00,1570343670494240768,#truth always comes out in the end!#covidvaccines https://t.co/tqMp9a8QXs,Rightofmind1
2022-09-15 08:08:43+00:00,1570323713081634817,"@StabellBenn 
Professor, Global Health @SyddanskUni
Studying the overall health effects of vaccines, discovering that they have important non-specific effects
(3)

#Denmark 
#covidvaccines https://t.co/xuvLzRSfYQ",ruiz_zapatero
2022-09-15 08:08:04+00:00,1570323550547894272,"@StabellBenn 
Professor, Global Health @SyddanskUni
Studying the overall health effects of vaccines, discovering that they have important non-specific effects
(2)

#Denmark 
#covidvaccines https://t.co/rDFwczztR3",ruiz_zapatero
2022-09-15 08:07:28+00:00,1570323401952169984,"@StabellBenn 
Professor, Global Health @SyddanskUni
Studying the overall health effects of vaccines, discovering that they have important non-specific effects
(1)

#Denmark 
#covidvaccines https://t.co/cGminXnx9J",ruiz_zapatero
2022-09-15 06:50:04+00:00,1570303921654235136,"Harvard study shows jab more dangerous than Covid itself

#vaccine #covidvaccines https://t.co/zquXWjXstv",fpan1886
2022-09-15 06:36:59+00:00,1570300628752269314,"#Denmark 

Why Have the Danish Health Authorities Not Properly Explained Why They've #Banned #CovidVaccines for Under 50s?

https://t.co/9MSmD7vy1m",PStewed
2022-09-15 04:43:33+00:00,1570272083594317824,"Maria Elsa Gambuzza Italian Ministry of Health, Luca Soraci, Geriatrician and a Research Assistant, IRCCS INRCA shared their views with Pharma Focus Asia on Covid 19 Vaccines.
Read More: https://t.co/AzTcyfvugN

#covidvaccines #covidupdates #Pharmaarticles #latestpharmamagazine https://t.co/dQOEpQGbHi",pharmafocusasia
2022-09-15 03:43:28+00:00,1570256961509396480,"#virus Links to BATTLING CORONAVIRUS #coronavirus #health #vaccines #covid19 #CovidVaccines
https://t.co/kRlEZDP4HV
https://t.co/ByE20jJMZ6",EDITORatWORK
2022-09-15 01:00:55+00:00,1570216056651644934,"A killer of a pharma love story...  
Still no #earlytreatment in US and Canada 
#COVID19 #Fauci #Moderna #pfizer #CovidVaccines

https://t.co/VEyEqbHa8e",RobertJRoy56
2022-09-14 23:45:43+00:00,1570197132359127040,"@marriebarrie38 @willem_kuiper @petervlemmix #SteveKirsch
‚¨áÔ∏è
Executive Director, 
Vaccine Safety Research Foundation 
‚¨áÔ∏è
(https://t.co/NUvhcgyhmj)
‚¨áÔ∏è

Latest survey shows the #COVIDvaccines are a disaster: 
‚¨áÔ∏è
~750,000 dead in USA

https://t.co/zbk8qS3wkX

#mRNAvaccines
#VaccineSideEffects
#VaccineDeaths",top_politiek
2022-09-14 23:36:46+00:00,1570194878256279554,#CovidVaccines https://t.co/OvLDmeokgm,sotoshfle
2022-09-14 23:17:14+00:00,1570189962959781888,"‚ñì‚ñì‚ñì‚ñì‚ñì‚ñì‚ñì‚ñì‚ñì‚ñë 94.1% (1ÂõûÁõÆ/vaccinated 104,165,569Âêç, +422)
‚ñì‚ñì‚ñì‚ñì‚ñì‚ñì‚ñì‚ñì‚ñì‚ñë 92.8% (2ÂõûÁõÆ/fully vaccinated 102,765,927Âêç, +1,296)
‚ñì‚ñì‚ñì‚ñì‚ñì‚ñì‚ñì‚ñì‚ñì‚ñì 101.8% (ËøΩÂä†/3,4+ doses 112,664,291Âêç, +64,438)
#Êñ∞Âûã„Ç≥„É≠„Éä„ÉØ„ÇØ„ÉÅ„É≥ #CovidVaccines #covidjapan 2022-09-11",JapanVaccine
2022-09-14 22:48:34+00:00,1570182748492697600,Medical Crisis Declaration - 10 Septiembre 2022 #covid19 #covidvaccines #democide  https://t.co/fmPtC0uNsD,jupiterape
2022-09-14 22:40:12+00:00,1570180645015670785,"A data leak suggests the real reason health officials don‚Äôt want individual vaccine vials examined by independent scientists is that the vials are all different ‚Äî and the mRNA in the shots is not intact.

#vaccines #CovidVaccines https://t.co/ltWZKYibgK",lorijean333
2022-09-14 22:33:41+00:00,1570179004786933762,"üì£ New Podcast! ""The Richard Syrett Show - Sep 14, 2022 - Save Our Moms Petition, Study Finds Vaccines Worse than COVID, &amp; Poilievre Heckled by Media Member"" on @Spreaker #covidvaccines #dreahumphrey #kellybrown #lydiaperovich #marcpatrone #rebelnews https://t.co/zcTAn36XNI",sauga960am
2022-09-14 21:29:37+00:00,1570162881081249792,"@AP spreading disinformation about #CovidVaccines in #Denmark 

https://t.co/OU9AbPWWzs https://t.co/vcOqleUcwm",mumblejumbl
2022-09-14 21:14:19+00:00,1570159031440019459,"@greetvandenberg Dr . Judy Mikovits :

Vaccines' EXPOSED ! 
""It Really is a #Bioweapon""

https://t.co/0lMi3KNfoa

#coronavaccines
#covidvaccines
#graphene",top_politiek
2022-09-14 19:08:00+00:00,1570127240221827076,"New &amp; proven models for decentralization help improve patient enrollment, experience, &amp; real-world representation + enabling data &amp; compliance. https://t.co/LJJOLn0T2c @FierceBiotech @perky_r @BARDA @gener8tor  #COVID19 #COVIDvaccines",UEL_MN
